The house among olive 	I rent out a very sunny and bright apartment only 7 minutes walking distance to the metro station. The apartment has a spacious living room with a kitchen, one bedroom and a bathroom with mit bath. A terrace can be used in summer.	2024-11-04T17:04:23.881Z	Amsterdam	previewImage11.jpg	images-photo-2.jpg;images-photo-3.jpg;images-photo-4.jpg;images-photo-5.jpg	true	false	5	hotel	1	3	2269	Coffee machine;Cable TV	Jon	luddetoissecroi-2380@yopmail.com	images-avatarUser-3.jpg	secret0000	Usual	[object Object]
House in countryside	I rent out a very sunny and bright apartment only 7 minutes walking distance to the metro station. The apartment has a spacious living room with a kitchen, one bedroom and a bathroom with mit bath. A terrace can be used in summer.	2024-10-30T17:04:23.883Z	Hamburg	previewImage13.jpg	images-photo-3.jpg;images-photo-4.jpg;images-photo-5.jpg	false	false	3	room	2	3	1692	Coffee machine;Cable TV;Heating;Air conditioning	Anna	leidafeweke-6762@yopmail.com	images-avatarUser-4.jpg	secret0000	Pro	[object Object]
Wood and stone place	Peaceful studio in the most wanted area in town. Quiet house Near of everything. Completely renovated. Lovely neighbourhood, lot of trendy shops, restaurants and bars in a walking distance.	2024-10-31T17:04:23.883Z	Paris	previewImage13.jpg	images-photo-2.jpg;images-photo-3.jpg	true	true	3	room	3	1	1308	Fridge;Coffee machine;Cable TV;Heating;Air conditioning	Tom	froillifrefauze-4351@yopmail.com	images-avatarUser-3.jpg	000pin	Usual	[object Object]
Penthouse, 4-5 rooms + 5 balconies	I rent out a very sunny and bright apartment only 7 minutes walking distance to the metro station. The apartment has a spacious living room with a kitchen, one bedroom and a bathroom with mit bath. A terrace can be used in summer.	2024-10-30T17:04:23.883Z	Brussels	previewImage13.jpg	images-photo-5.jpg	false	false	5	apartment	4	5	3375	Heating;Air conditioning	Tom	luddetoissecroi-2380@yopmail.com	images-avatarUser-2.jpg	secret0000	Pro	[object Object]
House in countryside	A new spacious villa, one floor. All commodities, jacuzzi and beautiful scenery. Ideal for families or friends.	2024-11-03T17:04:23.883Z	Hamburg	previewImage31.jpg	images-photo-4.jpg;images-photo-5.jpg	true	false	2	hotel	1	2	2889	Fridge	Dima	luddetoissecroi-2380@yopmail.com	images-avatarUser-2.jpg	123dad	Pro	[object Object]
Wood and stone place	Peaceful studio in the most wanted area in town. Quiet house Near of everything. Completely renovated. Lovely neighbourhood, lot of trendy shops, restaurants and bars in a walking distance.	2024-11-02T17:04:23.883Z	Dusseldorf	previewImage11.jpg	images-photo-1.jpg;images-photo-2.jpg	false	false	2	hotel	3	2	1092	Fridge;Coffee machine;Cable TV;Heating;Air conditioning	Tom	froillifrefauze-4351@yopmail.com	images-avatarUser-4.jpg	000pin	Pro	[object Object]
Nice, cozy, warm big bed apartment	I rent out a very sunny and bright apartment only 7 minutes walking distance to the metro station. The apartment has a spacious living room with a kitchen, one bedroom and a bathroom with mit bath. A terrace can be used in summer.	2024-11-01T17:04:23.883Z	Brussels	previewImage1.jpg	images-photo-3.jpg;images-photo-4.jpg	false	true	4	apartment	3	4	1664	Heating;Air conditioning	Tom	froillifrefauze-4351@yopmail.com	images-avatarUser-2.jpg	secret0000	Pro	[object Object]
House in countryside	I rent out a very sunny and bright apartment only 7 minutes walking distance to the metro station. The apartment has a spacious living room with a kitchen, one bedroom and a bathroom with mit bath. A terrace can be used in summer.	2024-11-03T17:04:23.883Z	Paris	previewImage13.jpg	images-photo-1.jpg	false	false	3	hotel	3	5	2521	Coffee machine;Cable TV;Heating	Dima	froillifrefauze-4351@yopmail.com	images-avatarUser-4.jpg	secret0000	Usual	[object Object]
Wood and stone place	Design interior in most sympathetic area! Complitely renovated, well-equipped, cosy studio in idyllic, over 100 years old wooden house. Calm street, fast connection to center and airport.	2024-10-31T17:04:23.883Z	Paris	previewImage13.jpg	images-photo-1.jpg	false	true	4	house	1	3	2762	Cable TV;Heating;Air conditioning	Jon	leidafeweke-6762@yopmail.com	images-avatarUser-4.jpg	12345i9	Usual	[object Object]
Wood and stone place	I rent out a very sunny and bright apartment only 7 minutes walking distance to the metro station. The apartment has a spacious living room with a kitchen, one bedroom and a bathroom with mit bath. A terrace can be used in summer.	2024-11-04T17:04:23.883Z	Cologne	previewImage151.jpg	images-photo-3.jpg;images-photo-4.jpg;images-photo-5.jpg	true	true	4	apartment	4	4	608	Fridge;Coffee machine	Jon	froillifrefauze-4351@yopmail.com	images-avatarUser-5.jpg	secret0000	Usual	[object Object]
Nice, cozy, warm big bed apartment	I rent out a very sunny and bright apartment only 7 minutes walking distance to the metro station. The apartment has a spacious living room with a kitchen, one bedroom and a bathroom with mit bath. A terrace can be used in summer.	2024-10-30T17:04:23.883Z	Amsterdam	previewImage31.jpg	images-photo-4.jpg;images-photo-5.jpg	true	false	5	apartment	2	4	3200	Heating;Air conditioning	Jon	leidafeweke-6762@yopmail.com	images-avatarUser-2.jpg	12345i9	Usual	[object Object]
Nice, cozy, warm big bed apartment	Peaceful studio in the most wanted area in town. Quiet house Near of everything. Completely renovated. Lovely neighbourhood, lot of trendy shops, restaurants and bars in a walking distance.	2024-10-31T17:04:23.883Z	Brussels	previewImage13.jpg	images-photo-1.jpg;images-photo-2.jpg;images-photo-3.jpg	true	true	2	apartment	4	3	1996	Fridge;Coffee machine;Cable TV;Heating;Air conditioning	Jon	luddetoissecroi-2380@yopmail.com	images-avatarUser-4.jpg	12345i9	Usual	[object Object]
House in countryside	Design interior in most sympathetic area! Complitely renovated, well-equipped, cosy studio in idyllic, over 100 years old wooden house. Calm street, fast connection to center and airport.	2024-11-01T17:04:23.883Z	Brussels	previewImage11.jpg	images-photo-5.jpg	false	true	2	room	3	1	2220	Coffee machine;Cable TV;Heating	Tom	leidafeweke-6762@yopmail.com	images-avatarUser-5.jpg	000pin	Pro	[object Object]
Nice, cozy, warm big bed apartment	Peaceful studio in the most wanted area in town. Quiet house Near of everything. Completely renovated. Lovely neighbourhood, lot of trendy shops, restaurants and bars in a walking distance.	2024-11-01T17:04:23.883Z	Cologne	previewImage31.jpg	images-photo-4.jpg;images-photo-5.jpg	false	true	1	hotel	1	3	2023	Fridge	Anna	leidafeweke-6762@yopmail.com	images-avatarUser-5.jpg	123dad	Pro	[object Object]
Wood and stone place	Peaceful studio in the most wanted area in town. Quiet house Near of everything. Completely renovated. Lovely neighbourhood, lot of trendy shops, restaurants and bars in a walking distance.	2024-10-30T17:04:23.883Z	Amsterdam	previewImage151.jpg	images-photo-1.jpg;images-photo-2.jpg;images-photo-3.jpg;images-photo-4.jpg;images-photo-5.jpg	true	false	4	apartment	2	3	2099	Heating;Air conditioning	Tom	leidafeweke-6762@yopmail.com	images-avatarUser-4.jpg	12345i9	Pro	[object Object]
